αβέρκιος;314
αβραάμ;2982
αγαθοκλής;628
αγαμέμνων;1569
αγάπιος;628
αγγελής;471
άγγελος;28248
αγησίλαος;1569
αδάμ;18204
αδριανός;314
αθανάσιος;164621
αθηνόδωρος;314
αιμίλιος;785
αλβέρτος;471
αλέξανδρος;87411
αλέξιος;10828
άλκης;314
αλκιβιάδης;4080
αλκίνοος;314
ανάργυρος;2511
αναστάσιος;80506
ανδρέας;69364
ανδριανός;314
ανδροκλής;471
ανδρόνικος;785
ανέστης;5806
άνθιμος;1099
αντώνιος;78309
απόλλων;314
απόστολος;62930
αργύριος;13496
άρης;2040
αριάν;314
αριστείδης;20401
αριστογείτων;785
αριστομένης;1883
αρίστος;314
αριστοτέλης;8945
αριστοφάνης;314
αρσένιος;785
αρτέμιος;471
αρχιμήδης;314
ασημάκης;1412
αστέριος;9259
αστρίνος;471
αυγερινός;471
αυγουστίνος;314
αχιλλέας;15693
αχμέτ;314
βάϊος;7062
βαλάντης;314
βαλεντίνος;314
βαλσάμης;471
βασίλειος;204639
βελισσάριος;314
βενιαμίν;314
βέργος;314
βησσάριος;314
βησσαρίων;2197
βίκτωρ;1726
βλαδίμηρος;471
βλάσιος;2825
βύρων;1255
γαβριήλ;2668
γεράσιμος;15850
γεώργιος;521013
γουλιέλμος;314
γρηγόριος;30759
δαμιανός;3609
δανιήλ;785
δαυΐδ;628
δημήτριος;380559
δημόκριτος;471
δημοσθένης;14595
διαμαντής;2668
διογένης;1255
διονύσιος;26835
δονάτος;314
δρόσος;314
εδουάρδος;314
ειρηναίος;942
έκτωρ;785
ελευθέριος;34996
ελισσαίος;314
εμμανουήλ;77838
επαμεινώνδας;6748
ερμόλαος;471
ερρίκος;471
ευάγγελος;110166
ευγένιος;1726
ευδόξιος;314
ευθύμιος;21029
ευρυπίδης;3923
ευστάθιος;20715
ευστράτιος;19773
ευτύχιος;942
ζαννής;471
ζαρίφης;314
ζαφείριος;1412
ζαχαρίας;7847
ζήνων;785
ζήσης;8631
ζήσιμος;942
ηλίας;73601
ηρακλής;8004
θεμιστοκλής;7219
θεοδόσιος;4237
θεόδωρος;82389
θεόκλητος;785
θεολόγος;1255
θεοφάνης;10671
θεόφιλος;5963
θεοφύλακτος;628
θεοχάρης;8317
θρασύβουλος;1412
θωμάς;40018
ιάκωβος;5022
ιάσων;1412
ιγνάτιος;1883
ιερόθεος;314
ίκαρος;314
ιορδάνης;7847
ιούλιος;471
ιπποκράτης;1255
ισαάκ;1412
ισίδωρος;2354
ιωακείμ;2197
ιωάννης;373184
ίων;471
ιωσήφ;5336
κανέλλος;314
κάρολος;314
καρυοφύλλης;314
κηρυκος;314
κίμων;942
κλεάνθης;2511
κλέαρχος;785
κλεόβουλος;314
κλεομένης;785
κλέων;314
κλήμης;785
κομνηνός;314
κορνήλιος;628
κοσμάς;7062
κυριαζής;628
κυριάκος;20558
κύριλλος;314
κύρος;314
κωνσταντίνος;378676
λάζαρος;16007
λαμπράκης;314
λάμπρος;20244
λαυρέντιος;471
λέανδρος;314
λεονάρδος;314
λεωνίδας;20087
λουκάς;7376
λυκούργος;942
μακάριος;314
μανούσος;785
μαργαρίτης;1099
μαρίνος;3609
μάριο;314
μάριος;19146
μάρκος;8631
ματθαίος;5493
μαυρουδής;628
μελάτιος;1099
μενέλαος;2982
μερκούριος;314
μηνάς;5650
μήρων;1099
μιλτιάδης;10201
μιχαήλ;89765
μόσχος;471
μωυσής;471
νάκος;314
ναούμ;1255
ναπολέων;1726
νεκτάριος;12711
νεοκλής;628
νεόφυτος;1255
νέστορας;314
νέστωρ;1412
νικήτας;2982
νικόδημος;471
νικόλαος;318100
ξενοφών;4708
οδυσσέας;4080
όθων;628
όμηρος;314
ονούφριος;628
ορέστης;3296
ορχάν;314
πάϊκος;314
παΐσιος;314
παναγιώτης;205580
πανταζής;628
παντελής;23383
παρασκευάς;10671
παράσχος;1099
πάρις;2197
παρμενίων;314
πασχάλης;10985
πάτροκλος;314
παύλος;23540
πελοπίδας;471
περικλής;10201
πέτρος;48492
πολύβιος;1255
πολύδωρος;314
πολυζώης;471
πολύκαρπος;1255
πολυνείκης;314
πολυχρόνης;4237
πρόδρομος;5336
προκόπιος;2197
πυθαγόρας;314
πύρρος;314
ράλλης;314
ραφαήλ;471
ρήγας;1255
ρίζος;628
ροβέρτος;314
σάββας;13339
σαμψών;314
σεραφείμ;6120
σέργιος;942
σιλβέστρος;471
σίμων;1099
σινάν;628
σόλων;785
σοφοκλής;2197
σπήλιος;1412
σπυρίδων;78623
σταμάτιος;13025
σταμούλης;628
σταύρος;51944
στέργιος;15536
στέφανος;36408
στυλιανός;46766
συμεών;5650
σωκράτης;8945
σωτήριος;46295
ταξιάρχης;1412
τηλέμαχος;2668
τιμόθεος;785
τιμολέων;942
τίτος;314
τριαντάφυλλος;5179
τρύφων;4708
τσαμπίκος;314
φαίδων;314
φανούριος;785
φιλήμων;628
φίλιππος;10044
φιλοποιμήν;314
φοίβος;471
φραγκίσκος;1255
φραντζέσκος;471
φωκίων;471
φωτεινός;628
φώτιος;32014
χαράλαμπος;61988
χάρης;471
χαρίδημος;1412
χαρίλαος;9730
χρήστος;216723
χριστόδουλος;5179
χριστόφορος;10671
χρόνης;314
χρύσανθος;6000
χρυσοβαλάντης;7376
χρυσοβαλάντιος;314
χρυσοβέργης;314
χρυσόστομος;5963
