αγαθή;5214
αγαθονίκη;307
αγαθούλα;230
αγάπη;4447
αγγέλα;2607
αγγελική;80661
αγγελικούλα;230
αγγελίνα;460
αγλαΐα;8588
αγνή;3757
αγοραστή;153
αγόρη;1073
αγορίτσα;3987
αγορούλα;153
αδελαΐδα;153
αθανασία;45851
αθηνά;44241
αθηνούλα;153
αίγλη;153
αικατερίνα;920
αικατερίνη;212387
αιμιλία;5827
ακριβή;3297
ακριβούλα;153
αλέκα;307
αλεξάνδρα;61569
αλεξία;9124
αλίκη;5904
άλκηστις;767
αλκινόη;383
άλκιστη;153
αλκμήνη;1150
αλτάνη;153
αμαλία;13801
αμαρυλλίς;153
αμυγδαλιά;383
αμφιτρίτη;230
ανάστα;153
αναστασία;132570
ανατολή;2760
ανδρεάνα;537
ανδρεάννα;307
ανδριάνα;6594
ανδριανή;3834
ανδριάννα;153
ανδρομάχη;7974
ανδρονίκη;9584
ανδρούλα;230
ανέζα;153
ανέτα;230
ανθή;6977
άνθια;460
ανθίππη;383
ανθούλα;8971
ανίτα;153
άννα;87102
αννέτα;1303
άννη;230
αννίτα;153
άντζελα;230
αντιγόνη;12038
αντιόπη;690
αντρέα;153
αντριάνα;230
αντωνία;24689
αντωνίνα;153
ανυσία;153
αποστολία;4830
αποστολίνα;460
αργυρή;4524
αργυρία;153
αργυρούλα;2837
αργυρώ;18785
αρετή;11961
αριάδνη;2914
αριστέα;7821
αρίστη;230
αριστούλα;690
αρσενία;230
αρσινόη;230
αρτεμησία;997
άρτεμις;6364
αρχοντή;153
αρχοντία;1840
αρχόντισσα;153
αρχοντούλα;2147
αρχόντω;767
ασημένη;153
ασημένια;2914
ασημίνα;11271
ασημούλα;613
ασήμω;767
ασπασία;12881
αστερία;383
αστέρω;230
αστρινία;153
αταλάντη;230
αυγή;843
αυγουστίνα;153
αυγουστίνη;153
αύρα;230
αφένδρα;307
αφεντούλα;307
αφθονία;153
αφροδίτη;19782
βάγια;2377
βαγιούλα;153
βάϊα;18172
βαΐτσα;1073
βακίνα;153
βαλασία;920
βαλεντίνα;920
βαλεντίνη;843
βαρβάρα;17482
βασιλεία;6057
βασιλική;196976
βασούλα;230
βάσω;537
βεατρίκη;843
βελισσαρία;383
βελούδω;230
βενέτα;153
βενετία;2684
βενέττα;153
βέρα;767
βερόνικα;613
βερονίκη;537
βηθλεέμ;767
βησσαρία;460
βικεντία;153
βικτωρία;8894
βίκυ;230
βιλελμίνη;383
βιολέττα;2684
βιργινία;5751
βλάσια;307
γαλατεία;1227
γαλήνη;920
γαρουφαλιά;153
γαρυφαλιά;3757
γαρυφαλλιά;4217
γενοβέφα;767
γερακίνα;537
γερασίμη;153
γερασιμία;230
γερασιμίνα;307
γερασιμούλα;843
γεσθημανή;1227
γεωργία;142001
γιασεμή;997
γιολάντα;460
γιούλα;230
γκόλφω;997
γλυκερία;7514
γραμματή;767
γραμματία;153
γραμματική;1380
γραμματούλα;230
γρηγορία;2147
δανάη;4217
δανιέλα;307
δάφνη;7437
δέσποινα;73607
δέσπω;307
δήμητρα;120532
δημητρία;690
δημούλα;153
διαλεκτή;153
διαλεχτή;460
διαμαντή;153
διαμαντίνα;537
διαμαντούλα;767
διαμάντω;2607
διάνα;307
δικαία;230
διόμη;153
διονυσία;10274
δομηνίκη;153
δόμνα;1764
δομνίκη;537
δόξα;307
δούκισσα;230
δροσιά;460
δροσούλα;613
δωροθέα;3067
ειρήνη;116468
ελβίρα;383
ελεάνα;1764
ελεάννα;1073
έλενα;1457
ελένη;295196
ελεονώρα;1073
ελευθερία;45774
ελεωνόρα;537
ελιά;230
ελίζα;460
ελίνα;307
ελισάβετ;36804
ελλάδα;537
έλλη;7131
ελπίδα;9814
ελπινίκη;4294
εμμανουέλα;3834
εμμελεία;153
εμορφία;153
εμορφίλη;230
επιστήμη;307
ερασμία;2684
ερατώ;690
έρη;153
εριφίλη;383
εριφύλη;767
εριφύλλη;307
ερμίνα;383
ερμιόνη;2377
έρρικα;153
έρση;460
ερωφίλη;307
εύα;1917
ευαγγελή;3067
ευαγγελία;131266
ευανθία;18172
εύβοια;153
ευγενία;35884
ευδοκία;12651
ευδοξία;10811
ευημία;2070
ευθαλεία;153
ευθαλία;8971
ευθυμία;30900
ευκλεία;153
ευλαβία;230
ευλαλία;383
ευλαμπία;1917
ευμορφία;5521
ευμορφίλη;383
ευπραξία;1687
ευρίκλεια;307
ευρυδίκη;1380
ευρυδίκη;2224
ευρύκλεια;383
ευρώπη;920
ευσεβεία;307
ευσεβία;1227
ευσταθία;14568
ευστρατία;5214
ευτέρπη;3757
ευτυχία;18018
ευφραξία;230
ευφροσύνη;21545
εύχαρις;537
έφη;383
ζαΐρα;153
ζακελίνα;153
ζακλίν;153
ζαμπέτα;307
ζάμπια;613
ζαφείρα;383
ζαφειρία;1303
ζαφειρούλα;920
ζαφείρω;997
ζαχαρένια;2147
ζαχαρούλα;6824
ζαχάρω;920
ζηνοβία;2990
ζουμπουλία;307
ζωγραφιά;920
ζωγράφω;460
ζωή;40714
ήβη;153
ηλέκτρα;2147
ήλια;153
ηλιάδα;153
ηλιάνα;7821
ηλιανή;153
ηλιάννα;1150
ήρα;1303
ηρώ;1533
ησαΐα;767
θάλεια;3220
θαμαΐς;1227
θεανώ;4447
θέκλα;383
θελξιόπη;307
θέμις;307
θεογνωσία;383
θεοδοσία;4600
θεοδότα;383
θεοδοτή;230
θεοδούλα;307
θεοδούλη;230
θεοδώρα;52675
θεοδωρούλα;153
θεόκλεια;153
θεόκτιστη;153
θεολογία;767
θεονία;153
θεοντίτσα;230
θεόνυμφη;613
θεόπιστη;1917
θεοπούλα;1073
θεοφανή;1840
θεοφανία;537
θεοφανία;1073
θεοφανώ;997
θεοφίλη;307
θεοχάρη;230
θεοχάρις;153
θεοχαρούλα;767
θεσσαλονίκη;153
θεώνη;2914
θηρεσία;230
θίσβη;153
θωμαή;6594
θώμη;153
ιάνθη;307
ιβελίνα;153
ιγνατία;230
ιλεάνα;230
ιλιάδα;460
ιλιάνα;537
ιοκάστη;307
ιορδάνα;1227
ιουλία;10888
ιουλίττα;153
ιππόλυτη;307
ίρις;460
ισαβέλλα;307
ισιδώρα;1380
ισμήνη;2607
ιφιγένεια;7131
ιωάννα;124289
καδιανή;230
καθολική;230
καίτη;307
καλή;307
καλλιάνθη;153
καλλίνα;153
καλλιόπη;47155
καλλιρρόη;4294
καλλισθένη;153
καλομοίρα;997
καλούδα;230
καλυψώ;997
κανέλλα;2070
κάρμεν;153
καρολίνα;460
καρυοφυλλιά;153
κασσάνδρα;537
κασσιανή;2837
κατίνα;230
κεράσα;307
κερασία;997
κερασίνα;307
κερασούλα;230
κική;153
κλαίρη;460
κλεάνθη;1610
κλειώ;2607
κλεονίκη;2990
κλεοπάτρα;5444
κλημεντίνη;153
κλυταιμνήστρα;153
κόμνω;153
κονδυλένια;230
κονδυλία;153
κονδυλία;843
κοραλία;460
κορίνα;843
κορίννα;307
κορνηλία;1610
κρίστι;460
κρουσταλένια;153
κρυσταλλένια;1303
κρυστάλλη;460
κρυσταλλία;690
κρυσταλλία;1687
κρυστάλλω;690
κυβέλη;383
κυπαρισσία;307
κύρα;537
κυράνα;153
κυρατσώ;230
κυριακή;52752
κωνσταντία;14491
κωνσταντίνα;88789
κωνσταντίνη;230
κωνσταντινία;11424
κωνσταντούλα;613
κωστούλα;1533
λαμπριάνα;153
λαμπρινή;17482
λάουρα;460
λασκαρίνα;613
λαυρεντία;230
λεϊλά;153
λελούδα;460
λεμονιά;5214
λευκή;537
λευκοθέα;2224
λήδα;1227
λητώ;460
λιλιάνα;153
λίνα;153
λουΐζα;1764
λουκία;5137
λουλουδιά;153
λυγερή;537
λύδια;1840
μαγδαληνή;21239
μαγιούλα;153
μαίρη;1303
μακρίνα;1073
μαλαμά;997
μαλαματένια;1227
μαλαματή;2530
μαλάμω;307
μαλβίνα;307
μάνθα;613
μάνια;153
μανουέλα;383
μανωλία;383
μαργαρίτα;18325
μαργαρώ;153
μαργίτσα;153
μάρθα;12805
μάρι;920
μαρία;510037
μαριγούλα;307
μαριγώ;537
μαριέττα;1840
μαρίκα;1687
μαριλένα;2454
μαρίνα;31513
μαρκέλλα;1994
μαρούδα;153
μαρουδιά;153
μαρούλα;613
μαρουλή;153
μαρουλιά;153
μαρουλιώ;153
μαρουσά;460
μάρω;153
ματίνα;2070
ματούλα;153
μαύρα;230
μαυρέτα;307
μελανθία;230
μελανία;767
μελαχροινή;307
μελίνα;1917
μελπομένη;5904
μενεξιά;230
μερόπη;2607
μερσίνα;307
μερσίνη;1150
μεταμόρφη;153
μεταξένια;230
μεταξία;2300
μεταξούλα;153
μηλά;460
μήνα;307
μητροδώρα;230
μικαέλα;230
μίνα;307
μιράντα;153
μιχαέλα;1073
μιχαλία;230
μιχαλίτσα;690
μόνικα;230
μορφούλα;307
μοσχούλα;383
μπετίνα;153
μυρόπη;153
μυροφόρα;767
μυρσίνη;2224
μυρτώ;4217
νάντια;153
ναταλία;4984
νατάσα;997
ναυσικά;2300
νεκταρία;8204
νεραντζούλα;613
νεφέλη;307
νίκη;24766
νικόλ;613
νικολέτα;17482
νικολέττα;14108
νικολία;1073
νικολίνα;1303
νικολίτσα;5521
νίνα;1150
νιόβη;537
νομική;153
νόρα;153
ντιάνα;307
ντίνα;153
ξακουστή;230
ξανθή;4140
ξανθίππη;2684
ξανθούλα;1303
ξένη;383
ξένια;307
όλγα;40944
ολυμπία;10504
ομορφούλα;230
ορσαλία;307
όρσια;153
οσία;307
ουρανία;24229
παγώνα;5521
παναγιούλα;537
παναγιώτα;104047
παναγούλα;1457
πανάγω;230
πανδώρα;767
παντελία;613
παντελίτσα;383
πάντω;153
πανωραία;4064
πανωρέα;153
παρασκευή;68700
παρέσα;460
παρθένα;8204
παρθενία;460
παρθενόπη;1303
πασχαλία;4600
πασχαλίνα;3527
πασχαλιώ;153
πάτρα;460
πατρίτσια;153
πατρούλα;460
παυλίνα;2377
πελαγία;5597
περιστέρα;1917
πέρσα;153
περσεφόνη;2914
πετρίνα;153
πετρίνη;153
πετρούλα;3527
πηγή;1150
πηνελόπη;17865
πιπίνα;383
πιπίτσα;153
πλουμιστή;230
ποθητή;153
πολύμνια;1073
πολυνίκη;153
πολυξένη;17635
πολύτιμη;1150
πολυχρονία;383
πούλια;307
πουλχερία;383
πρεσβεία;307
πωλίνα;307
ραλλού;307
ραφαέλα;230
ραχήλ;537
ρέα;383
ρεβέκκα;2070
ρεγγίνα;1227
ρένα;153
ρηγίνα;153
ροδαμανθή;230
ροδανθή;1610
ρόδη;767
ροδιά;460
ροδοθέα;153
ροδόπη;307
ροδούλα;690
ρόζα;537
ροζαλία;767
ροζάνα;153
ροζάννα;230
ροζίνα;383
ρόϊδω;230
ρούλα;153
ρουμπίνα;153
ρουμπίνη;1150
ρούσα;153
ρωξάνθη;1227
σαββατούλα;307
σαββάτω;230
σαββίνα;153
σαββούλα;613
σαβίνα;153
σαλώμη;153
σαπφώ;460
σάρα;2377
σεβασμία;230
σεβαστή;5674
σεβαστία;767
σελήνη;230
σεμέλη;153
σημέλα;690
σιδέρη;767
σιδερούλα;153
σιμέλα;537
σιμόνη;153
σμαράγδα;1917
σμαραγδή;843
σμαράγδω;153
σμαρούλα;307
σμάρω;1917
σόνια;1764
σουζάνα;690
σουλτάνα;13955
σουμελά;843
σουσάνα;460
σουσάννα;153
σουσσάνα;153
σοφία;140774
σπυριδούλα;19322
σταθούλα;153
σταμάτα;460
σταματέλλα;230
σταματία;14568
σταματίκη;767
σταματίνα;4984
σταματούλα;1303
στάμω;307
στασίνη;153
σταυριανή;153
σταυρίτσα;230
σταυρούλα;52445
στέλλα;13188
στεργία;153
στεργιανή;5981
στεργιαννή;230
στεργούλα;153
στεριανή;153
στεφανία;6364
στρατηγούλα;690
στυλιανή;42017
συλβάνα;153
σύλβια;1303
συμέλα;1994
συνοδή;460
συρματένια;307
συρμούλα;230
σύρμω;537
σώζια;153
σωσάνα;153
σωσάννα;613
σωτήρα;153
σωτηρία;18555
σωφρονία;153
ταμάρα;153
τάνια;230
ταξιαρχούλα;767
ταρσίτσα;153
τατιάνα;1303
τατιανή;1380
τερέζα;690
τερψιθέα;537
τερψιχόρη;383
τζένη;153
τζόγια;230
τζούλια;153
τιττίκα;230
τούλα;230
τραϊανή;307
τριάδα;1303
τριανταφυλλή;307
τριανταφυλλιά;8818
τριγώνα;153
τρισεύγενη;767
τρυγώνα;153
τσαμπίκα;1073
υπαπαντή;383
υπατία;230
φαίδρα;1073
φανή;16792
φανούλα;690
φεβρωνία;997
φερενίκη;307
φιλανθή;383
φιλαρέτη;460
φίλια;690
φιλιππία;307
φιλίσια;153
φιλίτσα;920
φιλιώ;690
φιλοθέη;460
φιλομένη;537
φιλομήλα;613
φλώρα;2914
φλωρεντία;460
φλώρινα;230
φοίβη;383
φραντζέσκα;690
φραντσεσκα;153
φρειδερίκη;1150
φωτεινή;62029
φωτούλα;307
φώτω;153
χαεμένη;153
χάϊδω;3220
χαμαϊδή;307
χαρά;1840
χαραλαμπία;4370
χαρίκλεια;27909
χάρις;2070
χαριτίνη;460
χαριτούλα;153
χαριτώ;537
χαριτωμένη;690
χαρούλα;3374
χιόνα;307
χιονιά;307
χιτοπούλα;153
χριστιάνα;3910
χριστιάννα;843
χριστίνα;103203
χριστίνη;613
χριστοδούλα;230
χριστοθέα;153
χριστούλα;307
χριστοφίλη;153
χρύσα;3834
χρυσάνα;153
χρυσάνθη;20242
χρυσαυγή;3450
χρυσάφω;383
χρυσή;13188
χρυσοβαλάντη;690
χρυσοβαλάντου;3220
χρυσοβαλάντω;1150
χρυσοθέα;153
χρυσοπηγή;153
χρυσοστόμη;230
χρυσούλα;51985
χρύσω;230
ωραία;153
ωραιοζήλη;460
